restaurant,customer,estimated availability
Downtown Toronto (Central Bay Street),North York (Armour Heights / Wilson Heights / Downsview North),2022-04-02 5:17 PM
Downtown Toronto (Christie),West Toronto (Brockton / Parkdale Village / Exhibition Place),2022-04-02 5:49 PM
Downtown Toronto (Ryerson),York (Fairbank / Oakwood),2022-04-02 6:17 PM
Downtown Toronto (St. James Park),East Toronto (The Beaches),2022-04-02 5:53 PM
Downtown Toronto (Kensington Market / Chinatown / Grange Park),Downtown Toronto (Central Bay Street),2022-04-02 5:24 PM
Downtown Toronto (Rosedale),Downtown Toronto (CN Tower / King and Spadina / Railway Lands / Harbourfront West / Bathurst Quay / South Niagara / YTZ),2022-04-02 7:35 PM
Downtown Toronto (Regent Park / Port of Toronto),Downtown Toronto (Toronto Dominion Centre / Design Exchange),2022-04-02 6:21 PM
Downtown Toronto (St. James Town / Cabbagetown),York (Runnymede / The Junction North),2022-04-02 5:10 PM
Downtown Toronto (Underground city),Central Toronto (Summerhill West / Rathnelly / South Hill / Forest Hill SE / Deer Park),2022-04-02 5:21 PM
Downtown Toronto (Church and Wellesley),East Toronto (The Danforth West / Riverdale),2022-04-02 7:21 PM
Downtown Toronto (Richmond / Adelaide / King),East York (Parkview Hill / Woodbine Gardens),2022-04-02 7:15 PM
Downtown Toronto (Rosedale),Downtown Toronto (Central Bay Street),2022-04-02 5:00 PM
Downtown Toronto (University of Toronto / Harbord),North York (Humber Summit),2022-04-02 6:49 PM
Downtown Toronto (St. James Park),Central Toronto (The Annex / North Midtown / Yorkville),2022-04-02 5:56 PM
Downtown Toronto (St. James Park),East Toronto (India Bazaar / The Beaches West),2022-04-02 7:24 PM
